<?xml version="1.0" encoding="UTF-8"?>
<metadata xml:lang="en"><Esri><CreaDate>20141002</CreaDate><CreaTime>17011100</CreaTime><ArcGISFormat>1.0</ArcGISFormat><SyncOnce>TRUE</SyncOnce><DataProperties><lineage><Process ToolSource="c:\program files (x86)\arcgis\desktop10.1\ArcToolbox\Toolboxes\Data Management Tools.tbx\CalculateField" Date="20141002" Time="170111">CalculateField historical_spread_points uniq_id !UNIQ_ID_1! PYTHON_9.3 #</Process><Process ToolSource="c:\program files (x86)\arcgis\desktop10.1\ArcToolbox\Toolboxes\Data Management Tools.tbx\CalculateField" Date="20141002" Time="170146">CalculateField historical_spread_points SOURCE_1 !SOURCE_12! PYTHON_9.3 #</Process><Process ToolSource="c:\program files (x86)\arcgis\desktop10.1\ArcToolbox\Toolboxes\Data Management Tools.tbx\CalculateField" Date="20141002" Time="170221">CalculateField historical_spread_points SOURCE_2 !SOURCE_23! PYTHON_9.3 #</Process><Process ToolSource="c:\program files (x86)\arcgis\desktop10.1\ArcToolbox\Toolboxes\Data Management Tools.tbx\CalculateField" Date="20141002" Time="170250">CalculateField historical_spread_points SOURCE_3 !SOURCE_34! PYTHON_9.3 #</Process></lineage></DataProperties></Esri></metadata>
